--
-- PostgreSQL database dump
--

-- Dumped from database version 11.2
-- Dumped by pg_dump version 11.2

-- Started on 2019-07-05 08:34:59

SET statement_timeout = 0;
SET lock_timeout = 0;
SET idle_in_transaction_session_timeout = 0;
SET client_encoding = 'UTF8';
SET standard_conforming_strings = on;
SELECT pg_catalog.set_config('search_path', '', false);
SET check_function_bodies = false;
SET client_min_messages = warning;
SET row_security = off;

--
-- TOC entry 6 (class 2615 OID 17313)
-- Name: public; Type: SCHEMA; Schema: -; Owner: -
--

CREATE SCHEMA public;


--
-- TOC entry 3147 (class 0 OID 0)
-- Dependencies: 6
-- Name: SCHEMA public; Type: COMMENT; Schema: -; Owner: -
--

COMMENT ON SCHEMA public IS 'standard public schema';


SET default_tablespace = '';

SET default_with_oids = false;

--
-- TOC entry 196 (class 1259 OID 17314)
-- Name: account; Type: TABLE; Schema: public; Owner: -
--

CREATE TABLE public.account (
    id integer NOT NULL,
    username character varying(100) NOT NULL,
    password character varying(255) NOT NULL,
    email character varying(100) NOT NULL,
    active boolean
);


--
-- TOC entry 197 (class 1259 OID 17317)
-- Name: account_id_seq; Type: SEQUENCE; Schema: public; Owner: -
--

ALTER TABLE public.account ALTER COLUMN id ADD GENERATED BY DEFAULT AS IDENTITY (
    SEQUENCE NAME public.account_id_seq
    START WITH 1
    INCREMENT BY 1
    NO MINVALUE
    NO MAXVALUE
    CACHE 1
);


--
-- TOC entry 198 (class 1259 OID 17319)
-- Name: actividad; Type: TABLE; Schema: public; Owner: -
--

CREATE TABLE public.actividad (
    id bigint NOT NULL,
    nombre character(100),
    descripcion character(200),
    fechainicio date,
    fechafin date,
    estado bigint,
    idproyecto bigint
);


--
-- TOC entry 199 (class 1259 OID 17322)
-- Name: catalogo; Type: TABLE; Schema: public; Owner: -
--

CREATE TABLE public.catalogo (
    id integer NOT NULL,
    nombre character(50),
    activo boolean,
    fechamod timestamp without time zone,
    usermod character varying(15),
    fechacrea timestamp without time zone,
    usercrea character varying(15)
);


--
-- TOC entry 239 (class 1259 OID 17803)
-- Name: cheque; Type: TABLE; Schema: public; Owner: -
--

CREATE TABLE public.cheque (
    id bigint NOT NULL,
    idactividad bigint,
    fecha date,
    monto numeric(15,2),
    cantidadletras character varying(200),
    afavorde character varying(200),
    concepto character varying(300),
    comentarios character varying(500),
    idproyecto bigint
);


--
-- TOC entry 200 (class 1259 OID 17325)
-- Name: cotizacion; Type: TABLE; Schema: public; Owner: -
--

CREATE TABLE public.cotizacion (
    id bigint NOT NULL,
    idplantilla bigint,
    idproveedor bigint,
    fecha date,
    total numeric(15,2),
    comentarios character varying(300),
    validacionofac boolean,
    numero integer
);


--
-- TOC entry 236 (class 1259 OID 17741)
-- Name: cuenta; Type: TABLE; Schema: public; Owner: -
--

CREATE TABLE public.cuenta (
    idproyecto bigint NOT NULL,
    codigo character varying(10) NOT NULL,
    nombre character varying(100),
    descripcion character varying(200),
    codigopadre character varying(10)
);


--
-- TOC entry 240 (class 1259 OID 17816)
-- Name: detallecheque; Type: TABLE; Schema: public; Owner: -
--

CREATE TABLE public.detallecheque (
    id bigint NOT NULL,
    idcheque bigint,
    idproyecto bigint,
    codigocuenta character varying(15),
    sublibro bigint,
    aplicacion smallint,
    monto numeric(15,2),
    saldoanterior numeric(15,2),
    saldoposterior numeric(15,2)
);


--
-- TOC entry 238 (class 1259 OID 17774)
-- Name: detallepartida; Type: TABLE; Schema: public; Owner: -
--

CREATE TABLE public.detallepartida (
    id bigint NOT NULL,
    idpartida bigint,
    idproyecto bigint,
    codcuenta character varying,
    sublibro bigint,
    aplicacion smallint,
    monto numeric(15,2)
);


--
-- TOC entry 201 (class 1259 OID 17331)
-- Name: direccion; Type: TABLE; Schema: public; Owner: -
--

CREATE TABLE public.direccion (
    id bigint NOT NULL,
    idpersona bigint,
    idtipo bigint,
    direccion character varying(200),
    fechacrea timestamp(4) without time zone,
    usercrea character varying(15),
    fechamod timestamp(4) without time zone,
    usermod character varying(15)
);


--
-- TOC entry 202 (class 1259 OID 17334)
-- Name: documento; Type: TABLE; Schema: public; Owner: -
--

CREATE TABLE public.documento (
    id bigint NOT NULL,
    idpersona bigint,
    idtipo integer,
    numero character varying(20),
    fechaexpedicion date,
    fechavence date,
    fechacrea timestamp(4) without time zone,
    usercrea character varying(15),
    fechamod timestamp(4) without time zone,
    usermod character varying(15)
);


--
-- TOC entry 203 (class 1259 OID 17337)
-- Name: empleado; Type: TABLE; Schema: public; Owner: -
--

CREATE TABLE public.empleado (
    id bigint NOT NULL,
    idpersona bigint,
    usercrea character varying(15),
    fechacrea time without time zone,
    usermod character varying(15),
    fechamod time without time zone
);


--
-- TOC entry 241 (class 1259 OID 17819)
-- Name: empleadoxproyecto; Type: TABLE; Schema: public; Owner: -
--

CREATE TABLE public.empleadoxproyecto (
    idproyecto bigint,
    idempleado bigint
);


--
-- TOC entry 204 (class 1259 OID 17340)
-- Name: item_catalogo; Type: TABLE; Schema: public; Owner: -
--

CREATE TABLE public.item_catalogo (
    id integer NOT NULL,
    codigo character(10),
    descripcion character varying(50),
    idcatalogo integer,
    activo boolean,
    fechacrea time without time zone,
    usercrea character varying(15),
    fechamod timestamp without time zone,
    usermod character varying(15)
);


--
-- TOC entry 205 (class 1259 OID 17343)
-- Name: itemcotizacion; Type: TABLE; Schema: public; Owner: -
--

CREATE TABLE public.itemcotizacion (
    id bigint NOT NULL,
    idcotizacion bigint,
    orden integer,
    producto character varying(100),
    descripcion character varying(200),
    idmedida integer,
    cantidad integer,
    preciounitario numeric(15,2),
    total numeric(15,2),
    idplanitem bigint
);


--
-- TOC entry 234 (class 1259 OID 17711)
-- Name: itemrequisicion; Type: TABLE; Schema: public; Owner: -
--

CREATE TABLE public.itemrequisicion (
    id bigint NOT NULL,
    idrequisicion bigint,
    orden integer,
    producto character varying(100),
    descripcion character varying(200),
    idmedida integer,
    cantidad integer,
    preciounitario numeric(15,2),
    total numeric(15,2)
);


--
-- TOC entry 206 (class 1259 OID 17346)
-- Name: menu; Type: TABLE; Schema: public; Owner: -
--

CREATE TABLE public.menu (
    id integer NOT NULL,
    nombre character varying(25),
    url character varying(50),
    icono character varying(25),
    menupadre integer,
    activo boolean,
    tipo character varying(2)
);


--
-- TOC entry 231 (class 1259 OID 17631)
-- Name: ordencompra; Type: TABLE; Schema: public; Owner: -
--

CREATE TABLE public.ordencompra (
    id bigint NOT NULL,
    numero bigint,
    idcotizacion bigint,
    lugarentrega character varying(1000),
    fechaentrega date,
    fecha date
);


--
-- TOC entry 237 (class 1259 OID 17761)
-- Name: partida; Type: TABLE; Schema: public; Owner: -
--

CREATE TABLE public.partida (
    id bigint NOT NULL,
    idproyecto bigint,
    descripcion character varying,
    fecha date
);


--
-- TOC entry 207 (class 1259 OID 17349)
-- Name: persona; Type: TABLE; Schema: public; Owner: -
--

CREATE TABLE public.persona (
    id bigint NOT NULL,
    idtipo integer,
    nomcom character varying(50),
    razsocial character varying(50),
    nombre1 character varying(15),
    nombre2 character varying(15),
    nombre3 character varying(15),
    apellido1 character varying(15),
    apellido2 character varying(15),
    apecasada character varying(15),
    fechacrea timestamp without time zone,
    usercrea character varying(15),
    fechamod timestamp without time zone,
    usermod character varying(15),
    fechanac date,
    sexo character varying(1),
    idestadocivil integer
);


--
-- TOC entry 208 (class 1259 OID 17352)
-- Name: plancotizacion; Type: TABLE; Schema: public; Owner: -
--

CREATE TABLE public.plancotizacion (
    id bigint NOT NULL,
    idactividad bigint,
    idproyecto bigint,
    descripcion character varying(200),
    fecha date,
    analisis character varying(2000),
    idrequisicion bigint,
    idordencompra bigint,
    idcotizacionsel bigint
);


--
-- TOC entry 3148 (class 0 OID 0)
-- Dependencies: 208
-- Name: TABLE plancotizacion; Type: COMMENT; Schema: public; Owner: -
--

COMMENT ON TABLE public.plancotizacion IS 'Plantilla de cotización.';


--
-- TOC entry 209 (class 1259 OID 17358)
-- Name: planitem; Type: TABLE; Schema: public; Owner: -
--

CREATE TABLE public.planitem (
    id bigint NOT NULL,
    idplancotizacion bigint,
    orden integer,
    producto character varying(100),
    descripcion character varying(200),
    idmedida integer,
    cantidad integer
);


--
-- TOC entry 3149 (class 0 OID 0)
-- Dependencies: 209
-- Name: TABLE planitem; Type: COMMENT; Schema: public; Owner: -
--

COMMENT ON TABLE public.planitem IS 'Items de plantilla de cotizacion';


--
-- TOC entry 210 (class 1259 OID 17361)
-- Name: proveedor; Type: TABLE; Schema: public; Owner: -
--

CREATE TABLE public.proveedor (
    id bigint NOT NULL,
    dummy1 bigint,
    dummy2 bigint,
    dummy3 bigint,
    fechacrea date,
    usercrea character varying(15),
    fechamod date,
    usermod character varying(15)
);


--
-- TOC entry 211 (class 1259 OID 17364)
-- Name: proyecto; Type: TABLE; Schema: public; Owner: -
--

CREATE TABLE public.proyecto (
    id bigint NOT NULL,
    codigo character varying(10),
    nombre character varying(200),
    nombrecorto character varying(20),
    fechaini date,
    fechafin date,
    fechacrea time without time zone,
    usercrea character varying(15),
    fechamod timestamp without time zone,
    usermod character varying(15),
    descripcion character varying(300),
    idestado integer
);


--
-- TOC entry 212 (class 1259 OID 17370)
-- Name: recurso; Type: TABLE; Schema: public; Owner: -
--

CREATE TABLE public.recurso (
    id bigint NOT NULL,
    nombre character(100),
    cantidad integer,
    costounitario double precision,
    idactividad bigint
);


--
-- TOC entry 230 (class 1259 OID 17613)
-- Name: requisicion; Type: TABLE; Schema: public; Owner: -
--

CREATE TABLE public.requisicion (
    id bigint NOT NULL,
    numero bigint,
    fecha date,
    idcotizacion bigint,
    destino character varying(1000),
    idactividad bigint,
    idproveedor bigint,
    descripcion character varying,
    idorden bigint
);


--
-- TOC entry 247 (class 1259 OID 17898)
-- Name: saldocuenta; Type: TABLE; Schema: public; Owner: -
--

CREATE TABLE public.saldocuenta (
    idproyecto bigint NOT NULL,
    codigocuenta character varying(15) NOT NULL,
    sublibro bigint NOT NULL,
    anio integer NOT NULL,
    mes integer NOT NULL,
    saldoinicial numeric(15,2),
    cargos numeric(15,2),
    abonos numeric(15,2),
    saldofinal numeric(15,2)
);


--
-- TOC entry 246 (class 1259 OID 17883)
-- Name: saldocuentasl; Type: TABLE; Schema: public; Owner: -
--

CREATE TABLE public.saldocuentasl (
    idproyecto bigint NOT NULL,
    codigocuenta character varying(15) NOT NULL,
    sublibro bigint NOT NULL,
    anio integer NOT NULL,
    mes integer NOT NULL,
    saldoinicial numeric(15,2),
    cargos numeric(15,2),
    abonos numeric(15,2),
    saldofinal numeric(15,2)
);


--
-- TOC entry 213 (class 1259 OID 17373)
-- Name: seq_actividad; Type: SEQUENCE; Schema: public; Owner: -
--

CREATE SEQUENCE public.seq_actividad
    START WITH 1
    INCREMENT BY 1
    NO MINVALUE
    NO MAXVALUE
    CACHE 1;


--
-- TOC entry 214 (class 1259 OID 17375)
-- Name: seq_catalogo; Type: SEQUENCE; Schema: public; Owner: -
--

CREATE SEQUENCE public.seq_catalogo
    START WITH 1
    INCREMENT BY 1
    NO MINVALUE
    NO MAXVALUE
    CACHE 1;


--
-- TOC entry 243 (class 1259 OID 17862)
-- Name: seq_cheque; Type: SEQUENCE; Schema: public; Owner: -
--

CREATE SEQUENCE public.seq_cheque
    START WITH 1
    INCREMENT BY 1
    NO MINVALUE
    NO MAXVALUE
    CACHE 1;


--
-- TOC entry 242 (class 1259 OID 17860)
-- Name: seq_chequedetalle; Type: SEQUENCE; Schema: public; Owner: -
--

CREATE SEQUENCE public.seq_chequedetalle
    START WITH 1
    INCREMENT BY 1
    NO MINVALUE
    NO MAXVALUE
    CACHE 1;


--
-- TOC entry 215 (class 1259 OID 17377)
-- Name: seq_cotizacion; Type: SEQUENCE; Schema: public; Owner: -
--

CREATE SEQUENCE public.seq_cotizacion
    START WITH 1
    INCREMENT BY 1
    NO MINVALUE
    NO MAXVALUE
    CACHE 1;


--
-- TOC entry 216 (class 1259 OID 17379)
-- Name: seq_direccion; Type: SEQUENCE; Schema: public; Owner: -
--

CREATE SEQUENCE public.seq_direccion
    START WITH 1
    INCREMENT BY 1
    NO MINVALUE
    NO MAXVALUE
    CACHE 1;


--
-- TOC entry 217 (class 1259 OID 17381)
-- Name: seq_documento; Type: SEQUENCE; Schema: public; Owner: -
--

CREATE SEQUENCE public.seq_documento
    START WITH 1
    INCREMENT BY 1
    NO MINVALUE
    NO MAXVALUE
    CACHE 1;


--
-- TOC entry 218 (class 1259 OID 17383)
-- Name: seq_itemcatalogo; Type: SEQUENCE; Schema: public; Owner: -
--

CREATE SEQUENCE public.seq_itemcatalogo
    START WITH 1
    INCREMENT BY 1
    NO MINVALUE
    NO MAXVALUE
    CACHE 1;


--
-- TOC entry 219 (class 1259 OID 17385)
-- Name: seq_itemcotizacion; Type: SEQUENCE; Schema: public; Owner: -
--

CREATE SEQUENCE public.seq_itemcotizacion
    START WITH 1
    INCREMENT BY 1
    NO MINVALUE
    NO MAXVALUE
    CACHE 1;


--
-- TOC entry 235 (class 1259 OID 17721)
-- Name: seq_itemrequisicion; Type: SEQUENCE; Schema: public; Owner: -
--

CREATE SEQUENCE public.seq_itemrequisicion
    START WITH 1
    INCREMENT BY 1
    NO MINVALUE
    NO MAXVALUE
    CACHE 1;


--
-- TOC entry 232 (class 1259 OID 17649)
-- Name: seq_ordencompra; Type: SEQUENCE; Schema: public; Owner: -
--

CREATE SEQUENCE public.seq_ordencompra
    START WITH 1
    INCREMENT BY 1
    NO MINVALUE
    NO MAXVALUE
    CACHE 1;


--
-- TOC entry 245 (class 1259 OID 17866)
-- Name: seq_partida; Type: SEQUENCE; Schema: public; Owner: -
--

CREATE SEQUENCE public.seq_partida
    START WITH 1
    INCREMENT BY 1
    NO MINVALUE
    NO MAXVALUE
    CACHE 1;


--
-- TOC entry 244 (class 1259 OID 17864)
-- Name: seq_partidadetalle; Type: SEQUENCE; Schema: public; Owner: -
--

CREATE SEQUENCE public.seq_partidadetalle
    START WITH 1
    INCREMENT BY 1
    NO MINVALUE
    NO MAXVALUE
    CACHE 1;


--
-- TOC entry 220 (class 1259 OID 17387)
-- Name: seq_persona; Type: SEQUENCE; Schema: public; Owner: -
--

CREATE SEQUENCE public.seq_persona
    START WITH 1
    INCREMENT BY 1
    NO MINVALUE
    NO MAXVALUE
    CACHE 1;


--
-- TOC entry 221 (class 1259 OID 17389)
-- Name: seq_plancotizacion; Type: SEQUENCE; Schema: public; Owner: -
--

CREATE SEQUENCE public.seq_plancotizacion
    START WITH 1
    INCREMENT BY 1
    NO MINVALUE
    NO MAXVALUE
    CACHE 1;


--
-- TOC entry 222 (class 1259 OID 17391)
-- Name: seq_planitem; Type: SEQUENCE; Schema: public; Owner: -
--

CREATE SEQUENCE public.seq_planitem
    START WITH 1
    INCREMENT BY 1
    NO MINVALUE
    NO MAXVALUE
    CACHE 1;


--
-- TOC entry 223 (class 1259 OID 17393)
-- Name: seq_proyecto; Type: SEQUENCE; Schema: public; Owner: -
--

CREATE SEQUENCE public.seq_proyecto
    START WITH 1
    INCREMENT BY 1
    NO MINVALUE
    NO MAXVALUE
    CACHE 1;


--
-- TOC entry 233 (class 1259 OID 17651)
-- Name: seq_requisicion; Type: SEQUENCE; Schema: public; Owner: -
--

CREATE SEQUENCE public.seq_requisicion
    START WITH 1
    INCREMENT BY 1
    NO MINVALUE
    NO MAXVALUE
    CACHE 1;


--
-- TOC entry 224 (class 1259 OID 17395)
-- Name: seq_telefono; Type: SEQUENCE; Schema: public; Owner: -
--

CREATE SEQUENCE public.seq_telefono
    START WITH 1
    INCREMENT BY 1
    NO MINVALUE
    NO MAXVALUE
    CACHE 1;


--
-- TOC entry 225 (class 1259 OID 17397)
-- Name: seq_usuario; Type: SEQUENCE; Schema: public; Owner: -
--

CREATE SEQUENCE public.seq_usuario
    START WITH 1
    INCREMENT BY 1
    NO MINVALUE
    NO MAXVALUE
    CACHE 1;


--
-- TOC entry 226 (class 1259 OID 17399)
-- Name: telefono; Type: TABLE; Schema: public; Owner: -
--

CREATE TABLE public.telefono (
    id bigint NOT NULL,
    idpersona bigint,
    idtipo integer,
    extension character varying(4),
    numero character varying(15),
    fechacrea timestamp(4) without time zone,
    usercrea character varying(15),
    fechamod timestamp(4) without time zone,
    usermod character varying(15)
);


--
-- TOC entry 227 (class 1259 OID 17402)
-- Name: token; Type: TABLE; Schema: public; Owner: -
--

CREATE TABLE public.token (
    id integer NOT NULL,
    account_id integer,
    token_hash character varying(255) NOT NULL,
    token_type character varying(100),
    ip_address character varying(100),
    description character varying(255),
    created timestamp without time zone,
    expiration timestamp without time zone
);


--
-- TOC entry 228 (class 1259 OID 17408)
-- Name: token_id_seq; Type: SEQUENCE; Schema: public; Owner: -
--

ALTER TABLE public.token ALTER COLUMN id ADD GENERATED BY DEFAULT AS IDENTITY (
    SEQUENCE NAME public.token_id_seq
    START WITH 1
    INCREMENT BY 1
    NO MINVALUE
    NO MAXVALUE
    CACHE 1
);


--
-- TOC entry 229 (class 1259 OID 17410)
-- Name: usuario; Type: TABLE; Schema: public; Owner: -
--

CREATE TABLE public.usuario (
    id bigint NOT NULL,
    usuario character varying(15),
    idpersona bigint,
    password character varying(50),
    fechacrea timestamp without time zone,
    usercrea character varying(15),
    fechamod timestamp without time zone,
    usermod character varying(15)
);


--
-- TOC entry 3090 (class 0 OID 17314)
-- Dependencies: 196
-- Data for Name: account; Type: TABLE DATA; Schema: public; Owner: -
--

INSERT INTO public.account VALUES (1, 'hzometa', 'PBKDF2WithHmacSHA512:3072:jyoZ4+LdCQcj2/DGzdR6lTE0Q1XTL7zeaE71JmcPuNe7ao+nc29+rAIKXu5rLq/0pEwSVVhCARnImGtkMytFQA==:lzr7Q30zcnOXrNAUxvxxNIEf3UdpVQAbmOLPIfVZv+0=', 'henryzometa@gmail.com', true);


--
-- TOC entry 3092 (class 0 OID 17319)
-- Dependencies: 198
-- Data for Name: actividad; Type: TABLE DATA; Schema: public; Owner: -
--

INSERT INTO public.actividad VALUES (1, 'Actividad 1                                                                                         ', 'Es la actividad inicial                                                                                                                                                                                 ', '2019-06-23', '2019-06-23', 20, 1);
INSERT INTO public.actividad VALUES (2, 'ss                                                                                                  ', 'sss                                                                                                                                                                                                     ', '2019-07-10', '2019-07-27', 63, 1);
INSERT INTO public.actividad VALUES (3, 'x                                                                                                   ', 'sfddsaf                                                                                                                                                                                                 ', '2019-07-11', '2019-07-25', 63, 2);


--
-- TOC entry 3093 (class 0 OID 17322)
-- Dependencies: 199
-- Data for Name: catalogo; Type: TABLE DATA; Schema: public; Owner: -
--

INSERT INTO public.catalogo VALUES (59, 'sdsdff                                            ', NULL, NULL, NULL, NULL, NULL);
INSERT INTO public.catalogo VALUES (60, 'dsfsdf                                            ', NULL, NULL, NULL, NULL, NULL);
INSERT INTO public.catalogo VALUES (61, 'hhhhhh                                            ', NULL, NULL, NULL, NULL, NULL);
INSERT INTO public.catalogo VALUES (3, 'Tipo dirección                                    ', true, NULL, NULL, NULL, NULL);
INSERT INTO public.catalogo VALUES (4, 'Tipo documento                                    ', true, NULL, NULL, NULL, NULL);
INSERT INTO public.catalogo VALUES (5, 'Tipo teléfono                                     ', true, NULL, NULL, NULL, NULL);
INSERT INTO public.catalogo VALUES (1, 'Tipo persona                                      ', true, NULL, NULL, NULL, NULL);
INSERT INTO public.catalogo VALUES (2, 'Estado Civil                                      ', true, NULL, NULL, NULL, NULL);
INSERT INTO public.catalogo VALUES (20, 'Estados de proyecto                               ', true, NULL, NULL, NULL, NULL);
INSERT INTO public.catalogo VALUES (10, 'Estados Actividad                                 ', true, NULL, NULL, NULL, NULL);
INSERT INTO public.catalogo VALUES (30, 'Unidad de Medida                                  ', true, NULL, NULL, NULL, NULL);


--
-- TOC entry 3133 (class 0 OID 17803)
-- Dependencies: 239
-- Data for Name: cheque; Type: TABLE DATA; Schema: public; Owner: -
--



--
-- TOC entry 3094 (class 0 OID 17325)
-- Dependencies: 200
-- Data for Name: cotizacion; Type: TABLE DATA; Schema: public; Owner: -
--

INSERT INTO public.cotizacion VALUES (26, 9, NULL, '2019-06-30', NULL, 'FDASFAF', NULL, 1);
INSERT INTO public.cotizacion VALUES (30, 10, 2, '2019-06-30', NULL, 'PRUEBA', NULL, 1);
INSERT INTO public.cotizacion VALUES (31, 10, 2, '2019-06-20', NULL, 'D', NULL, 2);
INSERT INTO public.cotizacion VALUES (32, 10, 2, '2019-06-05', NULL, 'TIO', NULL, 3);
INSERT INTO public.cotizacion VALUES (33, 11, 2, '2019-06-30', NULL, 'DON WILL', true, 1);
INSERT INTO public.cotizacion VALUES (34, 11, 4, '2019-06-30', NULL, 'MARIA', true, 2);
INSERT INTO public.cotizacion VALUES (35, 11, 6, '2019-06-14', NULL, 'MARIA', true, 3);
INSERT INTO public.cotizacion VALUES (37, 12, 4, '2019-06-30', NULL, 'BANCHETTI', true, 1);
INSERT INTO public.cotizacion VALUES (38, 12, 2, '2019-06-30', NULL, 'CASONA', true, 2);
INSERT INTO public.cotizacion VALUES (39, 12, 2, '2019-07-02', NULL, 'MALA  ', true, 3);
INSERT INTO public.cotizacion VALUES (40, 12, 6, '2019-07-04', NULL, 'DD', true, 4);


--
-- TOC entry 3130 (class 0 OID 17741)
-- Dependencies: 236
-- Data for Name: cuenta; Type: TABLE DATA; Schema: public; Owner: -
--



--
-- TOC entry 3134 (class 0 OID 17816)
-- Dependencies: 240
-- Data for Name: detallecheque; Type: TABLE DATA; Schema: public; Owner: -
--



--
-- TOC entry 3132 (class 0 OID 17774)
-- Dependencies: 238
-- Data for Name: detallepartida; Type: TABLE DATA; Schema: public; Owner: -
--



--
-- TOC entry 3095 (class 0 OID 17331)
-- Dependencies: 201
-- Data for Name: direccion; Type: TABLE DATA; Schema: public; Owner: -
--



--
-- TOC entry 3096 (class 0 OID 17334)
-- Dependencies: 202
-- Data for Name: documento; Type: TABLE DATA; Schema: public; Owner: -
--

INSERT INTO public.documento VALUES (1, 2, 11, '02102709891035', NULL, NULL, '2019-06-13 19:48:24.759', NULL, NULL, NULL);
INSERT INTO public.documento VALUES (5, 3, 10, '8888888-8', NULL, NULL, '2019-06-13 20:26:20.776', NULL, NULL, NULL);
INSERT INTO public.documento VALUES (7, 5, 10, '456555', NULL, NULL, '2019-06-13 21:32:05.126', NULL, NULL, NULL);
INSERT INTO public.documento VALUES (8, 5, 11, '655656', NULL, NULL, '2019-06-13 21:51:57.372', NULL, NULL, NULL);
INSERT INTO public.documento VALUES (9, 4, 11, '65656', NULL, NULL, '2019-06-13 21:54:38.143', NULL, NULL, NULL);
INSERT INTO public.documento VALUES (11, 6, 10, '3442a', NULL, NULL, '2019-06-13 21:58:44.091', NULL, NULL, NULL);
INSERT INTO public.documento VALUES (13, 6, 12, 'fsadfas', NULL, NULL, '2019-06-13 22:00:06.19', NULL, NULL, NULL);
INSERT INTO public.documento VALUES (14, 7, 10, '234324243', NULL, NULL, '2019-06-13 22:08:38.056', NULL, NULL, NULL);
INSERT INTO public.documento VALUES (15, 7, 12, '23432', NULL, NULL, '2019-06-13 22:09:01.052', NULL, NULL, NULL);
INSERT INTO public.documento VALUES (17, 8, 11, '3344', NULL, NULL, '2019-06-13 22:12:41.125', NULL, NULL, NULL);
INSERT INTO public.documento VALUES (19, 8, 13, '3232', NULL, NULL, '2019-06-13 22:15:31.986', NULL, NULL, NULL);
INSERT INTO public.documento VALUES (21, 10, 10, '3424324', NULL, NULL, '2019-06-22 05:16:52.791', NULL, NULL, NULL);
INSERT INTO public.documento VALUES (22, 11, 10, '243434', NULL, NULL, '2019-06-22 05:28:51.267', NULL, NULL, NULL);


--
-- TOC entry 3097 (class 0 OID 17337)
-- Dependencies: 203
-- Data for Name: empleado; Type: TABLE DATA; Schema: public; Owner: -
--

INSERT INTO public.empleado VALUES (14, NULL, NULL, '11:52:16.9', NULL, NULL);
INSERT INTO public.empleado VALUES (4, NULL, NULL, '12:08:03.099', NULL, NULL);


--
-- TOC entry 3135 (class 0 OID 17819)
-- Dependencies: 241
-- Data for Name: empleadoxproyecto; Type: TABLE DATA; Schema: public; Owner: -
--



--
-- TOC entry 3098 (class 0 OID 17340)
-- Dependencies: 204
-- Data for Name: item_catalogo; Type: TABLE DATA; Schema: public; Owner: -
--

INSERT INTO public.item_catalogo VALUES (65, '4         ', 'Prueba                                            ', 59, NULL, NULL, NULL, NULL, NULL);
INSERT INTO public.item_catalogo VALUES (67, '3         ', '1                                                 ', 59, NULL, NULL, NULL, NULL, NULL);
INSERT INTO public.item_catalogo VALUES (3, NULL, 'Soltero                                           ', 2, NULL, NULL, NULL, NULL, NULL);
INSERT INTO public.item_catalogo VALUES (4, NULL, 'Casado                                            ', 2, NULL, NULL, NULL, NULL, NULL);
INSERT INTO public.item_catalogo VALUES (5, NULL, 'Acompañado                                        ', 2, NULL, NULL, NULL, NULL, NULL);
INSERT INTO public.item_catalogo VALUES (6, NULL, 'Divorciado                                        ', 2, NULL, NULL, NULL, NULL, NULL);
INSERT INTO public.item_catalogo VALUES (7, NULL, 'Viudo                                             ', 2, NULL, NULL, NULL, NULL, NULL);
INSERT INTO public.item_catalogo VALUES (1, 'IT1       ', 'Natural                                           ', 1, NULL, '23:10:35.613', NULL, NULL, NULL);
INSERT INTO public.item_catalogo VALUES (2, 'IT1       ', 'Jurídica                                          ', 1, NULL, '23:10:44.601', NULL, NULL, NULL);
INSERT INTO public.item_catalogo VALUES (8, NULL, 'Residencia                                        ', 3, NULL, NULL, NULL, NULL, NULL);
INSERT INTO public.item_catalogo VALUES (9, NULL, 'Trabajo                                           ', 3, NULL, NULL, NULL, NULL, NULL);
INSERT INTO public.item_catalogo VALUES (10, NULL, 'DUI                                               ', 4, NULL, NULL, NULL, NULL, NULL);
INSERT INTO public.item_catalogo VALUES (11, NULL, 'NIT                                               ', 4, NULL, NULL, NULL, NULL, NULL);
INSERT INTO public.item_catalogo VALUES (12, NULL, 'Pasaporte                                         ', 4, NULL, NULL, NULL, NULL, NULL);
INSERT INTO public.item_catalogo VALUES (13, NULL, 'NCR                                               ', 4, NULL, NULL, NULL, NULL, NULL);
INSERT INTO public.item_catalogo VALUES (14, NULL, 'Celular 1                                         ', 5, NULL, NULL, NULL, NULL, NULL);
INSERT INTO public.item_catalogo VALUES (15, NULL, 'Celular 2                                         ', 5, NULL, NULL, NULL, NULL, NULL);
INSERT INTO public.item_catalogo VALUES (16, NULL, 'Casa 1                                            ', 5, NULL, NULL, NULL, NULL, NULL);
INSERT INTO public.item_catalogo VALUES (17, NULL, 'Casa 2                                            ', 5, NULL, NULL, NULL, NULL, NULL);
INSERT INTO public.item_catalogo VALUES (18, NULL, 'Trabajo                                           ', 5, NULL, NULL, NULL, NULL, NULL);
INSERT INTO public.item_catalogo VALUES (64, NULL, 'Terminado                                         ', 20, NULL, NULL, NULL, NULL, NULL);
INSERT INTO public.item_catalogo VALUES (63, '          ', 'En ejecución                                      ', 20, NULL, NULL, NULL, NULL, NULL);
INSERT INTO public.item_catalogo VALUES (21, NULL, 'Terminada                                         ', 10, false, NULL, NULL, NULL, NULL);
INSERT INTO public.item_catalogo VALUES (20, NULL, 'En Ejecución                                      ', 10, NULL, NULL, NULL, NULL, NULL);
INSERT INTO public.item_catalogo VALUES (32, NULL, 'Botellas                                          ', 30, true, NULL, NULL, NULL, NULL);
INSERT INTO public.item_catalogo VALUES (31, '4         ', 'Unidad', 30, true, NULL, NULL, NULL, NULL);


--
-- TOC entry 3099 (class 0 OID 17343)
-- Dependencies: 205
-- Data for Name: itemcotizacion; Type: TABLE DATA; Schema: public; Owner: -
--

INSERT INTO public.itemcotizacion VALUES (76, 26, 2, 'CAFE', 'CON LECHE', 31, 55, NULL, NULL, 31);
INSERT INTO public.itemcotizacion VALUES (77, 26, 1, 'TAMAL', 'ALGO', 31, 12, NULL, NULL, 29);
INSERT INTO public.itemcotizacion VALUES (75, 26, 1, 'PUPUSA', 'DE FRIJOL CON  QUESO       ', 31, 2, NULL, NULL, 30);
INSERT INTO public.itemcotizacion VALUES (87, 30, NULL, 'MANGO', 'MADURO', 31, 2, 3.00, 6.00, 35);
INSERT INTO public.itemcotizacion VALUES (89, 30, NULL, 'DINERO', 'EN EFECTIVO', 31, 622, 2.00, 1244.00, 37);
INSERT INTO public.itemcotizacion VALUES (88, 30, NULL, 'ACEITE', 'DE OLIVA', 32, 2, 3.00, 6.00, 36);
INSERT INTO public.itemcotizacion VALUES (90, 31, NULL, 'MANGO', 'MADURO', 31, 2, 3.00, 6.00, 35);
INSERT INTO public.itemcotizacion VALUES (92, 31, NULL, 'DINERO', 'EN EFECTIVO', 31, 622, 2.00, 1244.00, 37);
INSERT INTO public.itemcotizacion VALUES (91, 31, NULL, 'ACEITE', 'DE OLIVA', 32, 2, 2.00, 4.00, 36);
INSERT INTO public.itemcotizacion VALUES (93, 32, NULL, 'MANGO', 'MADURO', 31, 2, 2.00, 4.00, 35);
INSERT INTO public.itemcotizacion VALUES (95, 32, NULL, 'DINERO', 'EN EFECTIVO', 31, 622, 2.00, 1244.00, 37);
INSERT INTO public.itemcotizacion VALUES (94, 32, NULL, 'ACEITE', 'DE OLIVA', 32, 2, 3.00, 6.00, 36);
INSERT INTO public.itemcotizacion VALUES (96, 33, NULL, 'PASTEL', 'DE CREMA', 31, 6, 1.00, 6.00, 39);
INSERT INTO public.itemcotizacion VALUES (98, 33, NULL, 'CENA', 'PARA 2', 31, 56, 2.00, 112.00, 41);
INSERT INTO public.itemcotizacion VALUES (97, 33, NULL, 'RAMO', 'DE ROSAS', 31, 15, 4.00, 60.00, 40);
INSERT INTO public.itemcotizacion VALUES (99, 33, NULL, 'SODA', 'PEPSI', 31, 88, 3.00, 264.00, 42);
INSERT INTO public.itemcotizacion VALUES (101, 34, NULL, 'RAMO', 'DE ROSAS', 31, 15, 4.00, 60.00, 40);
INSERT INTO public.itemcotizacion VALUES (100, 34, NULL, 'PASTEL', 'DE CREMA', 31, 6, 34.00, 204.00, 39);
INSERT INTO public.itemcotizacion VALUES (102, 34, NULL, 'CENA', 'PARA 2', 31, 56, 445.50, 24948.00, 41);
INSERT INTO public.itemcotizacion VALUES (103, 34, NULL, 'SODA', 'PEPSI', 31, 88, 255.00, 22440.00, 42);
INSERT INTO public.itemcotizacion VALUES (104, 35, NULL, 'PASTEL', 'DE CREMA', 31, 6, 3.00, 18.00, 39);
INSERT INTO public.itemcotizacion VALUES (105, 35, NULL, 'RAMO', 'DE ROSAS', 31, 15, 2.00, 30.00, 40);
INSERT INTO public.itemcotizacion VALUES (107, 35, NULL, 'SODA', 'PEPSI', 31, 88, 3.00, 264.00, 42);
INSERT INTO public.itemcotizacion VALUES (106, 35, NULL, 'CENA', 'PARA 2', 31, 56, 3.00, 168.00, 41);
INSERT INTO public.itemcotizacion VALUES (112, 37, NULL, 'COMIDA', 'DDD', 31, 300, 5.00, 1500.00, 45);
INSERT INTO public.itemcotizacion VALUES (113, 37, NULL, 'SODA', 'DFA', 31, 300, 1.00, 300.00, 46);
INSERT INTO public.itemcotizacion VALUES (115, 38, NULL, 'COMIDA', 'DDD', 31, 300, 9.00, 2700.00, 45);
INSERT INTO public.itemcotizacion VALUES (116, 38, NULL, 'SODA', 'DFA', 31, 300, 5.00, 1500.00, 46);
INSERT INTO public.itemcotizacion VALUES (117, 38, NULL, 'FDSAF', 'FDAF', 32, 66, 1.00, 66.00, 47);
INSERT INTO public.itemcotizacion VALUES (114, 37, NULL, 'FDSAF', 'FDAF', 32, 66, 6.00, 396.00, 47);
INSERT INTO public.itemcotizacion VALUES (118, 39, NULL, 'PASTEL', 'DE POLLO ', 31, 6, 3.00, 18.00, 44);
INSERT INTO public.itemcotizacion VALUES (120, 39, NULL, 'SODA', 'DFA', 31, 300, 3.00, 900.00, 46);
INSERT INTO public.itemcotizacion VALUES (121, 39, NULL, 'FDSAF', 'FDAF', 32, 66, 2.00, 132.00, 47);
INSERT INTO public.itemcotizacion VALUES (119, 39, NULL, 'COMIDA', 'DDD', 31, 300, 33.00, 9900.00, 45);
INSERT INTO public.itemcotizacion VALUES (123, 40, NULL, 'COMIDA', 'DDD', 31, 300, NULL, NULL, 45);
INSERT INTO public.itemcotizacion VALUES (124, 40, NULL, 'SODA', 'DFA', 31, 300, NULL, NULL, 46);
INSERT INTO public.itemcotizacion VALUES (125, 40, NULL, 'FDSAF', 'FDAF', 32, 66, NULL, NULL, 47);
INSERT INTO public.itemcotizacion VALUES (122, 40, NULL, 'PASTEL', 'DE POLLO ', 31, 6, NULL, NULL, 44);


--
-- TOC entry 3128 (class 0 OID 17711)
-- Dependencies: 234
-- Data for Name: itemrequisicion; Type: TABLE DATA; Schema: public; Owner: -
--

INSERT INTO public.itemrequisicion VALUES (10, 22, NULL, '4443', '4344', 32, 3, NULL, NULL);
INSERT INTO public.itemrequisicion VALUES (11, 23, NULL, 'S', 'SSS', 32, 33, NULL, NULL);
INSERT INTO public.itemrequisicion VALUES (12, 23, NULL, 'DFSFA', 'DFSAF', 31, 3, NULL, NULL);


--
-- TOC entry 3100 (class 0 OID 17346)
-- Dependencies: 206
-- Data for Name: menu; Type: TABLE DATA; Schema: public; Owner: -
--

INSERT INTO public.menu VALUES (105, 'Proveedores', '/MttoProveedores.xhtml', 'fa fa-users', 1, true, 'S');
INSERT INTO public.menu VALUES (106, 'Personas', '/MttoPersonas.xhtml', 'fa fa-users', 1, true, 'S');
INSERT INTO public.menu VALUES (201, 'Proyectos', '/MttoProyectos.xhtml', 'fa fa-spinner', 2, true, 'S');
INSERT INTO public.menu VALUES (202, 'Actividades', '/mattoActividades/mtto.xhtml', 'fa fa-tachometer', 2, true, 'S');
INSERT INTO public.menu VALUES (203, 'Cuentas Contables', '/mattoCuentas/mtto.xhtml', 'fa fa-tachometer', 2, true, 'S');
INSERT INTO public.menu VALUES (101, 'Catálogos', '/mattoCatalogos/mtto.xhtml', 'fa fa-tachometer', 1, true, 'S');
INSERT INTO public.menu VALUES (108, 'Empleados', '/MttoEmpleados.xhtml', 'fa fa-users', 1, true, 'S');
INSERT INTO public.menu VALUES (107, 'Usuarios', '/MttoUsuarios.xhtml', 'fa fa-users', 1, true, 'S');
INSERT INTO public.menu VALUES (204, 'Cotizaciones', '/MttoCotizaciones.xhtml', 'fa fa-file-text-o', 2, true, 'S');
INSERT INTO public.menu VALUES (2, 'PROYECTOS', NULL, NULL, NULL, true, 'M');
INSERT INTO public.menu VALUES (1, 'PRINCIPAL', '', '', NULL, true, 'M');
INSERT INTO public.menu VALUES (205, 'Requisiciones', '/MttoRequisiciones.xhtml', 'fa fa-file-text-o', 2, true, 'S');


--
-- TOC entry 3125 (class 0 OID 17631)
-- Dependencies: 231
-- Data for Name: ordencompra; Type: TABLE DATA; Schema: public; Owner: -
--

INSERT INTO public.ordencompra VALUES (23, 1, NULL, NULL, '2019-07-16', NULL);


--
-- TOC entry 3131 (class 0 OID 17761)
-- Dependencies: 237
-- Data for Name: partida; Type: TABLE DATA; Schema: public; Owner: -
--



--
-- TOC entry 3101 (class 0 OID 17349)
-- Dependencies: 207
-- Data for Name: persona; Type: TABLE DATA; Schema: public; Owner: -
--

INSERT INTO public.persona VALUES (9, 1, 'JOSSELYN MARIELA LIMA  DEL ZOMETA', NULL, 'JOSSELYN', 'MARIELA', NULL, 'LIMA', 'SOLIS', 'ZOMETA', '2019-06-17 22:39:45.543', NULL, NULL, NULL, '2000-08-05', 'F', 4);
INSERT INTO public.persona VALUES (3, 1, 'JOSE EDGARDO NOLASCO RODRIGUEZ', NULL, 'JOSE', 'EDGARDO', NULL, 'NOLASCO', 'RODRIGUEZ', '', '2019-06-13 20:24:51.219', NULL, '2019-06-13 20:26:20.783', NULL, '1988-10-06', 'M', 3);
INSERT INTO public.persona VALUES (5, 1, 'JOSE ANTONIO TIJUIL MEGNO', NULL, 'JOSE', 'ANTONIO', NULL, 'TIJUIL', 'MEGNO', '', '2019-06-13 21:32:05.123', NULL, '2019-06-13 21:51:57.542', NULL, '1989-05-01', 'M', 3);
INSERT INTO public.persona VALUES (10, 1, 'RONALD ANTONIO MARROQUIN PERAZA', 'RONALD ANTONIO MARROQUIN PERAZA', 'RONALD', 'ANTONIO', NULL, 'MARROQUIN', 'PERAZA', '', '2019-06-22 05:16:52.787', NULL, NULL, NULL, '2019-06-22', 'M', 3);
INSERT INTO public.persona VALUES (11, 1, 'DAVID ERNESTO MUNGUIA PAYES', 'DAVID ERNESTO MUNGUIA PAYES', 'DAVID', 'ERNESTO', NULL, 'MUNGUIA', 'PAYES', '', '2019-06-22 05:28:51.258', NULL, NULL, NULL, '2019-06-12', 'M', 3);
INSERT INTO public.persona VALUES (12, 1, 'DAVID ERNESTO MUNGUIA SORRENTO', 'DAVID ERNESTO MUNGUIA SORRENTO', 'DAVID', 'ERNESTO', NULL, 'MUNGUIA', 'SORRENTO', '', '2019-06-22 21:43:16.935', NULL, NULL, NULL, '2019-06-22', 'M', 5);
INSERT INTO public.persona VALUES (13, 1, 'DORA LA EXPLORADORA MUNDIAL', 'DORA LA EXPLORADORA MUNDIAL', 'DORA', 'LA', NULL, 'EXPLORADORA', 'MUNDIAL', '', '2019-06-22 22:26:08.377', NULL, NULL, NULL, '2019-06-22', 'F', 3);
INSERT INTO public.persona VALUES (8, 1, 'DORA TATIANA DORA UZA', NULL, 'DORA', 'TATIANA', NULL, 'DORA', 'UZA', '', '2019-06-13 22:12:10.83', NULL, '2019-06-13 22:15:31.987', NULL, '1985-08-05', 'F', 5);
INSERT INTO public.persona VALUES (2, 1, 'HENRY MAURICIO ZOMETA SANCHEZ', 'HENRY MAURICIO ZOMETA SANCHEZ', 'HENRY', 'MAURICIO', NULL, 'ZOMETA', 'SANCHEZ', '', '2019-06-13 18:45:53.605', NULL, '2019-06-23 07:57:07.663', NULL, '1989-09-27', 'M', 4);
INSERT INTO public.persona VALUES (4, 1, 'JOSSELYN MARIELA LIMA  DE ZOMETA', 'JOSSELYN MARIELA LIMA  DE ZOMETA', 'JOSSELYN', 'MARIELA', NULL, 'LIMA', 'SOLIS', 'ZOMETA', '2019-06-13 21:16:11.495', NULL, '2019-06-23 08:07:57.954', NULL, '2000-08-05', 'F', 4);
INSERT INTO public.persona VALUES (7, 1, 'HENRY DANIELITO PEREZ SULMI', 'HENRY DANIELITO PEREZ SULMI', 'HENRY', 'DANIELITO', NULL, 'PEREZ', 'SULMI', '', '2019-06-13 22:08:38.023', NULL, '2019-06-23 08:38:39.404', NULL, '1989-09-01', 'M', 3);
INSERT INTO public.persona VALUES (14, 1, 'JUAN CARLOS CASTRO ZUNIGA', 'JUAN CARLOS CASTRO ZUNIGA', 'JUAN', 'CARLOS', NULL, 'CASTRO', 'ZUNIGA', '', '2019-06-23 11:52:16.888', NULL, NULL, NULL, '2019-06-23', 'M', 4);
INSERT INTO public.persona VALUES (6, 1, 'EDWIN ARNOLDO EDWIN SANCHEZ', 'EDWIN ARNOLDO EDWIN SANCHEZ', 'EDWIN', 'ARNOLDO', NULL, 'EDWIN', 'SANCHEZ', '', '2019-06-13 21:57:39.337', NULL, '2019-07-04 22:17:15.591', NULL, '2001-11-18', 'M', 3);


--
-- TOC entry 3102 (class 0 OID 17352)
-- Dependencies: 208
-- Data for Name: plancotizacion; Type: TABLE DATA; Schema: public; Owner: -
--

INSERT INTO public.plancotizacion VALUES (9, NULL, NULL, 'CUMPLEAÑOS', '2019-06-30', '', NULL, NULL, NULL);
INSERT INTO public.plancotizacion VALUES (10, NULL, NULL, 'CENA DE DOMINGO', '2019-06-30', '', NULL, NULL, NULL);
INSERT INTO public.plancotizacion VALUES (11, NULL, NULL, 'BODA', '2019-06-30', '', NULL, NULL, NULL);
INSERT INTO public.plancotizacion VALUES (12, NULL, NULL, 'BODA ZOMETA LIMA', '2019-06-30', '', NULL, NULL, 37);
INSERT INTO public.plancotizacion VALUES (15, NULL, NULL, 'ee', '2019-07-11', '', NULL, NULL, NULL);


--
-- TOC entry 3103 (class 0 OID 17358)
-- Dependencies: 209
-- Data for Name: planitem; Type: TABLE DATA; Schema: public; Owner: -
--

INSERT INTO public.planitem VALUES (30, 9, 1, 'PUPUSA', 'DE FRIJOL CON  QUESO       ', 31, 2);
INSERT INTO public.planitem VALUES (31, 9, 2, 'CAFE', 'CON LECHE', 31, 55);
INSERT INTO public.planitem VALUES (29, 9, 1, 'TAMAL', 'ALGO', 31, 12);
INSERT INTO public.planitem VALUES (35, 10, NULL, 'MANGO', 'MADURO', 31, 2);
INSERT INTO public.planitem VALUES (36, 10, NULL, 'ACEITE', 'DE OLIVA', 32, 2);
INSERT INTO public.planitem VALUES (37, 10, NULL, 'DINERO', 'EN EFECTIVO', 31, 622);
INSERT INTO public.planitem VALUES (39, 11, NULL, 'PASTEL', 'DE CREMA', 31, 6);
INSERT INTO public.planitem VALUES (40, 11, NULL, 'RAMO', 'DE ROSAS', 31, 15);
INSERT INTO public.planitem VALUES (41, 11, NULL, 'CENA', 'PARA 2', 31, 56);
INSERT INTO public.planitem VALUES (42, 11, NULL, 'SODA', 'PEPSI', 31, 88);
INSERT INTO public.planitem VALUES (44, 12, NULL, 'PASTEL', 'DE POLLO ', 31, 6);
INSERT INTO public.planitem VALUES (45, 12, NULL, 'COMIDA', 'DDD', 31, 300);
INSERT INTO public.planitem VALUES (46, 12, NULL, 'SODA', 'DFA', 31, 300);
INSERT INTO public.planitem VALUES (47, 12, NULL, 'FDSAF', 'FDAF', 32, 66);


--
-- TOC entry 3104 (class 0 OID 17361)
-- Dependencies: 210
-- Data for Name: proveedor; Type: TABLE DATA; Schema: public; Owner: -
--

INSERT INTO public.proveedor VALUES (2, NULL, NULL, NULL, NULL, NULL, NULL, NULL);
INSERT INTO public.proveedor VALUES (6, NULL, NULL, NULL, NULL, NULL, NULL, NULL);
INSERT INTO public.proveedor VALUES (13, NULL, NULL, NULL, NULL, NULL, NULL, NULL);
INSERT INTO public.proveedor VALUES (4, NULL, NULL, NULL, '2019-06-23', NULL, NULL, NULL);


--
-- TOC entry 3105 (class 0 OID 17364)
-- Dependencies: 211
-- Data for Name: proyecto; Type: TABLE DATA; Schema: public; Owner: -
--

INSERT INTO public.proyecto VALUES (1, 'PYT1', 'MI PROYECTO 1', 'PROYECTO1', '2019-09-28', NULL, '12:15:06.086', NULL, NULL, NULL, '', 63);
INSERT INTO public.proyecto VALUES (2, 'RA01', 'RECUPERANDO PAISAJE', 'RAICES', '2019-06-26', NULL, '12:49:26.71', NULL, '2019-06-23 20:16:50.947', NULL, 'Esta es una prueba de una descripcion del proyecto', 63);


--
-- TOC entry 3106 (class 0 OID 17370)
-- Dependencies: 212
-- Data for Name: recurso; Type: TABLE DATA; Schema: public; Owner: -
--



--
-- TOC entry 3124 (class 0 OID 17613)
-- Dependencies: 230
-- Data for Name: requisicion; Type: TABLE DATA; Schema: public; Owner: -
--

INSERT INTO public.requisicion VALUES (22, 1, '2019-07-05', NULL, 'aaa', NULL, NULL, 'fasdfadsf', NULL);
INSERT INTO public.requisicion VALUES (23, 1, '2019-07-05', NULL, 'entrega lo solicitado en ', NULL, NULL, 'dddd', 23);


--
-- TOC entry 3141 (class 0 OID 17898)
-- Dependencies: 247
-- Data for Name: saldocuenta; Type: TABLE DATA; Schema: public; Owner: -
--



--
-- TOC entry 3140 (class 0 OID 17883)
-- Dependencies: 246
-- Data for Name: saldocuentasl; Type: TABLE DATA; Schema: public; Owner: -
--



--
-- TOC entry 3120 (class 0 OID 17399)
-- Dependencies: 226
-- Data for Name: telefono; Type: TABLE DATA; Schema: public; Owner: -
--

INSERT INTO public.telefono VALUES (1, 6, 14, NULL, '3442-4242', '2019-06-13 22:00:23.576', NULL, NULL, NULL);
INSERT INTO public.telefono VALUES (4, 6, 15, NULL, '2222-2222', '2019-07-04 22:17:15.559', NULL, NULL, NULL);


--
-- TOC entry 3121 (class 0 OID 17402)
-- Dependencies: 227
-- Data for Name: token; Type: TABLE DATA; Schema: public; Owner: -
--



--
-- TOC entry 3123 (class 0 OID 17410)
-- Dependencies: 229
-- Data for Name: usuario; Type: TABLE DATA; Schema: public; Owner: -
--

INSERT INTO public.usuario VALUES (7, NULL, 7, NULL, '2019-06-23 08:35:34.856', NULL, NULL, NULL);


--
-- TOC entry 3150 (class 0 OID 0)
-- Dependencies: 197
-- Name: account_id_seq; Type: SEQUENCE SET; Schema: public; Owner: -
--

SELECT pg_catalog.setval('public.account_id_seq', 1, true);


--
-- TOC entry 3151 (class 0 OID 0)
-- Dependencies: 213
-- Name: seq_actividad; Type: SEQUENCE SET; Schema: public; Owner: -
--

SELECT pg_catalog.setval('public.seq_actividad', 5, true);


--
-- TOC entry 3152 (class 0 OID 0)
-- Dependencies: 214
-- Name: seq_catalogo; Type: SEQUENCE SET; Schema: public; Owner: -
--

SELECT pg_catalog.setval('public.seq_catalogo', 4, true);


--
-- TOC entry 3153 (class 0 OID 0)
-- Dependencies: 243
-- Name: seq_cheque; Type: SEQUENCE SET; Schema: public; Owner: -
--

SELECT pg_catalog.setval('public.seq_cheque', 1, false);


--
-- TOC entry 3154 (class 0 OID 0)
-- Dependencies: 242
-- Name: seq_chequedetalle; Type: SEQUENCE SET; Schema: public; Owner: -
--

SELECT pg_catalog.setval('public.seq_chequedetalle', 1, false);


--
-- TOC entry 3155 (class 0 OID 0)
-- Dependencies: 215
-- Name: seq_cotizacion; Type: SEQUENCE SET; Schema: public; Owner: -
--

SELECT pg_catalog.setval('public.seq_cotizacion', 40, true);


--
-- TOC entry 3156 (class 0 OID 0)
-- Dependencies: 216
-- Name: seq_direccion; Type: SEQUENCE SET; Schema: public; Owner: -
--

SELECT pg_catalog.setval('public.seq_direccion', 3, true);


--
-- TOC entry 3157 (class 0 OID 0)
-- Dependencies: 217
-- Name: seq_documento; Type: SEQUENCE SET; Schema: public; Owner: -
--

SELECT pg_catalog.setval('public.seq_documento', 22, true);


--
-- TOC entry 3158 (class 0 OID 0)
-- Dependencies: 218
-- Name: seq_itemcatalogo; Type: SEQUENCE SET; Schema: public; Owner: -
--

SELECT pg_catalog.setval('public.seq_itemcatalogo', 2, true);


--
-- TOC entry 3159 (class 0 OID 0)
-- Dependencies: 219
-- Name: seq_itemcotizacion; Type: SEQUENCE SET; Schema: public; Owner: -
--

SELECT pg_catalog.setval('public.seq_itemcotizacion', 125, true);


--
-- TOC entry 3160 (class 0 OID 0)
-- Dependencies: 235
-- Name: seq_itemrequisicion; Type: SEQUENCE SET; Schema: public; Owner: -
--

SELECT pg_catalog.setval('public.seq_itemrequisicion', 12, true);


--
-- TOC entry 3161 (class 0 OID 0)
-- Dependencies: 232
-- Name: seq_ordencompra; Type: SEQUENCE SET; Schema: public; Owner: -
--

SELECT pg_catalog.setval('public.seq_ordencompra', 1, false);


--
-- TOC entry 3162 (class 0 OID 0)
-- Dependencies: 245
-- Name: seq_partida; Type: SEQUENCE SET; Schema: public; Owner: -
--

SELECT pg_catalog.setval('public.seq_partida', 1, false);


--
-- TOC entry 3163 (class 0 OID 0)
-- Dependencies: 244
-- Name: seq_partidadetalle; Type: SEQUENCE SET; Schema: public; Owner: -
--

SELECT pg_catalog.setval('public.seq_partidadetalle', 1, false);


--
-- TOC entry 3164 (class 0 OID 0)
-- Dependencies: 220
-- Name: seq_persona; Type: SEQUENCE SET; Schema: public; Owner: -
--

SELECT pg_catalog.setval('public.seq_persona', 14, true);


--
-- TOC entry 3165 (class 0 OID 0)
-- Dependencies: 221
-- Name: seq_plancotizacion; Type: SEQUENCE SET; Schema: public; Owner: -
--

SELECT pg_catalog.setval('public.seq_plancotizacion', 15, true);


--
-- TOC entry 3166 (class 0 OID 0)
-- Dependencies: 222
-- Name: seq_planitem; Type: SEQUENCE SET; Schema: public; Owner: -
--

SELECT pg_catalog.setval('public.seq_planitem', 47, true);


--
-- TOC entry 3167 (class 0 OID 0)
-- Dependencies: 223
-- Name: seq_proyecto; Type: SEQUENCE SET; Schema: public; Owner: -
--

SELECT pg_catalog.setval('public.seq_proyecto', 2, true);


--
-- TOC entry 3168 (class 0 OID 0)
-- Dependencies: 233
-- Name: seq_requisicion; Type: SEQUENCE SET; Schema: public; Owner: -
--

SELECT pg_catalog.setval('public.seq_requisicion', 23, true);


--
-- TOC entry 3169 (class 0 OID 0)
-- Dependencies: 224
-- Name: seq_telefono; Type: SEQUENCE SET; Schema: public; Owner: -
--

SELECT pg_catalog.setval('public.seq_telefono', 4, true);


--
-- TOC entry 3170 (class 0 OID 0)
-- Dependencies: 225
-- Name: seq_usuario; Type: SEQUENCE SET; Schema: public; Owner: -
--

SELECT pg_catalog.setval('public.seq_usuario', 1, false);


--
-- TOC entry 3171 (class 0 OID 0)
-- Dependencies: 228
-- Name: token_id_seq; Type: SEQUENCE SET; Schema: public; Owner: -
--

SELECT pg_catalog.setval('public.token_id_seq', 1, false);


--
-- TOC entry 2852 (class 2606 OID 17414)
-- Name: account account_email_key; Type: CONSTRAINT; Schema: public; Owner: -
--

ALTER TABLE ONLY public.account
    ADD CONSTRAINT account_email_key UNIQUE (email);


--
-- TOC entry 2854 (class 2606 OID 17416)
-- Name: account account_pkey; Type: CONSTRAINT; Schema: public; Owner: -
--

ALTER TABLE ONLY public.account
    ADD CONSTRAINT account_pkey PRIMARY KEY (id);


--
-- TOC entry 2856 (class 2606 OID 17418)
-- Name: account account_username_key; Type: CONSTRAINT; Schema: public; Owner: -
--

ALTER TABLE ONLY public.account
    ADD CONSTRAINT account_username_key UNIQUE (username);


--
-- TOC entry 2858 (class 2606 OID 17420)
-- Name: actividad actividad_pkey; Type: CONSTRAINT; Schema: public; Owner: -
--

ALTER TABLE ONLY public.actividad
    ADD CONSTRAINT actividad_pkey PRIMARY KEY (id);


--
-- TOC entry 2860 (class 2606 OID 17422)
-- Name: catalogo catalogo_pk; Type: CONSTRAINT; Schema: public; Owner: -
--

ALTER TABLE ONLY public.catalogo
    ADD CONSTRAINT catalogo_pk PRIMARY KEY (id);


--
-- TOC entry 2918 (class 2606 OID 17810)
-- Name: cheque cheque_pk; Type: CONSTRAINT; Schema: public; Owner: -
--

ALTER TABLE ONLY public.cheque
    ADD CONSTRAINT cheque_pk PRIMARY KEY (id);


--
-- TOC entry 2862 (class 2606 OID 17424)
-- Name: cotizacion cotizacion_pk; Type: CONSTRAINT; Schema: public; Owner: -
--

ALTER TABLE ONLY public.cotizacion
    ADD CONSTRAINT cotizacion_pk PRIMARY KEY (id);


--
-- TOC entry 2912 (class 2606 OID 17745)
-- Name: cuenta cuenta_pk; Type: CONSTRAINT; Schema: public; Owner: -
--

ALTER TABLE ONLY public.cuenta
    ADD CONSTRAINT cuenta_pk PRIMARY KEY (idproyecto, codigo);


--
-- TOC entry 2920 (class 2606 OID 17839)
-- Name: detallecheque detallecheque_pk; Type: CONSTRAINT; Schema: public; Owner: -
--

ALTER TABLE ONLY public.detallecheque
    ADD CONSTRAINT detallecheque_pk PRIMARY KEY (id);


--
-- TOC entry 2916 (class 2606 OID 17781)
-- Name: detallepartida detallepartida_pk; Type: CONSTRAINT; Schema: public; Owner: -
--

ALTER TABLE ONLY public.detallepartida
    ADD CONSTRAINT detallepartida_pk PRIMARY KEY (id);


--
-- TOC entry 2864 (class 2606 OID 17426)
-- Name: direccion direccion_persona_unique; Type: CONSTRAINT; Schema: public; Owner: -
--

ALTER TABLE ONLY public.direccion
    ADD CONSTRAINT direccion_persona_unique UNIQUE (idpersona, idtipo);


--
-- TOC entry 2866 (class 2606 OID 17428)
-- Name: direccion direccion_pk; Type: CONSTRAINT; Schema: public; Owner: -
--

ALTER TABLE ONLY public.direccion
    ADD CONSTRAINT direccion_pk PRIMARY KEY (id);


--
-- TOC entry 2868 (class 2606 OID 17430)
-- Name: documento documento_numero_unique; Type: CONSTRAINT; Schema: public; Owner: -
--

ALTER TABLE ONLY public.documento
    ADD CONSTRAINT documento_numero_unique UNIQUE (idtipo, numero);


--
-- TOC entry 3172 (class 0 OID 0)
-- Dependencies: 2868
-- Name: CONSTRAINT documento_numero_unique ON documento; Type: COMMENT; Schema: public; Owner: -
--

COMMENT ON CONSTRAINT documento_numero_unique ON public.documento IS 'No puede repetirse numero de documento';


--
-- TOC entry 2870 (class 2606 OID 17432)
-- Name: documento documento_persona_unique; Type: CONSTRAINT; Schema: public; Owner: -
--

ALTER TABLE ONLY public.documento
    ADD CONSTRAINT documento_persona_unique UNIQUE (idpersona, idtipo);


--
-- TOC entry 3173 (class 0 OID 0)
-- Dependencies: 2870
-- Name: CONSTRAINT documento_persona_unique ON documento; Type: COMMENT; Schema: public; Owner: -
--

COMMENT ON CONSTRAINT documento_persona_unique ON public.documento IS 'No puede repetirse tipo de documento por persona';


--
-- TOC entry 2872 (class 2606 OID 17434)
-- Name: documento documento_pk; Type: CONSTRAINT; Schema: public; Owner: -
--

ALTER TABLE ONLY public.documento
    ADD CONSTRAINT documento_pk PRIMARY KEY (id);


--
-- TOC entry 2874 (class 2606 OID 17436)
-- Name: empleado empleado_pk; Type: CONSTRAINT; Schema: public; Owner: -
--

ALTER TABLE ONLY public.empleado
    ADD CONSTRAINT empleado_pk PRIMARY KEY (id);


--
-- TOC entry 2876 (class 2606 OID 17438)
-- Name: item_catalogo item_catalogo_pk; Type: CONSTRAINT; Schema: public; Owner: -
--

ALTER TABLE ONLY public.item_catalogo
    ADD CONSTRAINT item_catalogo_pk PRIMARY KEY (id);


--
-- TOC entry 2878 (class 2606 OID 17440)
-- Name: itemcotizacion itemcotizacion_pk; Type: CONSTRAINT; Schema: public; Owner: -
--

ALTER TABLE ONLY public.itemcotizacion
    ADD CONSTRAINT itemcotizacion_pk PRIMARY KEY (id);


--
-- TOC entry 2910 (class 2606 OID 17715)
-- Name: itemrequisicion itemrequisicion_pk; Type: CONSTRAINT; Schema: public; Owner: -
--

ALTER TABLE ONLY public.itemrequisicion
    ADD CONSTRAINT itemrequisicion_pk PRIMARY KEY (id);


--
-- TOC entry 2880 (class 2606 OID 17442)
-- Name: menu menu_pk; Type: CONSTRAINT; Schema: public; Owner: -
--

ALTER TABLE ONLY public.menu
    ADD CONSTRAINT menu_pk PRIMARY KEY (id);


--
-- TOC entry 2908 (class 2606 OID 17638)
-- Name: ordencompra ordencompra_pk; Type: CONSTRAINT; Schema: public; Owner: -
--

ALTER TABLE ONLY public.ordencompra
    ADD CONSTRAINT ordencompra_pk PRIMARY KEY (id);


--
-- TOC entry 2914 (class 2606 OID 17768)
-- Name: partida partida_pk; Type: CONSTRAINT; Schema: public; Owner: -
--

ALTER TABLE ONLY public.partida
    ADD CONSTRAINT partida_pk PRIMARY KEY (id);


--
-- TOC entry 2882 (class 2606 OID 17444)
-- Name: persona persona_pk; Type: CONSTRAINT; Schema: public; Owner: -
--

ALTER TABLE ONLY public.persona
    ADD CONSTRAINT persona_pk PRIMARY KEY (id);


--
-- TOC entry 2884 (class 2606 OID 17446)
-- Name: plancotizacion plancotizacion_pkey; Type: CONSTRAINT; Schema: public; Owner: -
--

ALTER TABLE ONLY public.plancotizacion
    ADD CONSTRAINT plancotizacion_pkey PRIMARY KEY (id);


--
-- TOC entry 2886 (class 2606 OID 17448)
-- Name: planitem planitem_pk; Type: CONSTRAINT; Schema: public; Owner: -
--

ALTER TABLE ONLY public.planitem
    ADD CONSTRAINT planitem_pk PRIMARY KEY (id);


--
-- TOC entry 2888 (class 2606 OID 17450)
-- Name: proveedor proveedor_pk; Type: CONSTRAINT; Schema: public; Owner: -
--

ALTER TABLE ONLY public.proveedor
    ADD CONSTRAINT proveedor_pk PRIMARY KEY (id);


--
-- TOC entry 2890 (class 2606 OID 17452)
-- Name: proyecto proyecto_codigo_unique; Type: CONSTRAINT; Schema: public; Owner: -
--

ALTER TABLE ONLY public.proyecto
    ADD CONSTRAINT proyecto_codigo_unique UNIQUE (codigo);


--
-- TOC entry 2892 (class 2606 OID 17454)
-- Name: proyecto proyecto_pk; Type: CONSTRAINT; Schema: public; Owner: -
--

ALTER TABLE ONLY public.proyecto
    ADD CONSTRAINT proyecto_pk PRIMARY KEY (id);


--
-- TOC entry 2894 (class 2606 OID 17456)
-- Name: recurso recurso_pkey; Type: CONSTRAINT; Schema: public; Owner: -
--

ALTER TABLE ONLY public.recurso
    ADD CONSTRAINT recurso_pkey PRIMARY KEY (id);


--
-- TOC entry 2906 (class 2606 OID 17617)
-- Name: requisicion requisicion_pkey; Type: CONSTRAINT; Schema: public; Owner: -
--

ALTER TABLE ONLY public.requisicion
    ADD CONSTRAINT requisicion_pkey PRIMARY KEY (id);


--
-- TOC entry 2924 (class 2606 OID 17902)
-- Name: saldocuenta saldocuenta_pk; Type: CONSTRAINT; Schema: public; Owner: -
--

ALTER TABLE ONLY public.saldocuenta
    ADD CONSTRAINT saldocuenta_pk PRIMARY KEY (idproyecto, codigocuenta, sublibro, anio, mes);


--
-- TOC entry 2922 (class 2606 OID 17887)
-- Name: saldocuentasl saldocuentasl_pk; Type: CONSTRAINT; Schema: public; Owner: -
--

ALTER TABLE ONLY public.saldocuentasl
    ADD CONSTRAINT saldocuentasl_pk PRIMARY KEY (idproyecto, codigocuenta, sublibro, anio, mes);


--
-- TOC entry 2896 (class 2606 OID 17458)
-- Name: telefono telefono_persona_unique; Type: CONSTRAINT; Schema: public; Owner: -
--

ALTER TABLE ONLY public.telefono
    ADD CONSTRAINT telefono_persona_unique UNIQUE (idpersona, idtipo);


--
-- TOC entry 2898 (class 2606 OID 17460)
-- Name: telefono telefono_pk; Type: CONSTRAINT; Schema: public; Owner: -
--

ALTER TABLE ONLY public.telefono
    ADD CONSTRAINT telefono_pk PRIMARY KEY (id);


--
-- TOC entry 2900 (class 2606 OID 17462)
-- Name: token token_pkey; Type: CONSTRAINT; Schema: public; Owner: -
--

ALTER TABLE ONLY public.token
    ADD CONSTRAINT token_pkey PRIMARY KEY (id);


--
-- TOC entry 2902 (class 2606 OID 17464)
-- Name: usuario usuario_pk; Type: CONSTRAINT; Schema: public; Owner: -
--

ALTER TABLE ONLY public.usuario
    ADD CONSTRAINT usuario_pk PRIMARY KEY (id);


--
-- TOC entry 2904 (class 2606 OID 17466)
-- Name: usuario usuario_unique; Type: CONSTRAINT; Schema: public; Owner: -
--

ALTER TABLE ONLY public.usuario
    ADD CONSTRAINT usuario_unique UNIQUE (usuario);


--
-- TOC entry 2948 (class 2606 OID 17467)
-- Name: recurso FK_ACTIVIDAD; Type: FK CONSTRAINT; Schema: public; Owner: -
--

ALTER TABLE ONLY public.recurso
    ADD CONSTRAINT "FK_ACTIVIDAD" FOREIGN KEY (idactividad) REFERENCES public.actividad(id) ON UPDATE CASCADE ON DELETE CASCADE;


--
-- TOC entry 2925 (class 2606 OID 17472)
-- Name: actividad FK_PROYECTO; Type: FK CONSTRAINT; Schema: public; Owner: -
--

ALTER TABLE ONLY public.actividad
    ADD CONSTRAINT "FK_PROYECTO" FOREIGN KEY (idproyecto) REFERENCES public.proyecto(id) ON UPDATE CASCADE ON DELETE CASCADE;


--
-- TOC entry 2926 (class 2606 OID 17477)
-- Name: actividad actividad_item_catalogo_fk1; Type: FK CONSTRAINT; Schema: public; Owner: -
--

ALTER TABLE ONLY public.actividad
    ADD CONSTRAINT actividad_item_catalogo_fk1 FOREIGN KEY (estado) REFERENCES public.item_catalogo(id);


--
-- TOC entry 2965 (class 2606 OID 17855)
-- Name: cheque cheque_actividad_fk; Type: FK CONSTRAINT; Schema: public; Owner: -
--

ALTER TABLE ONLY public.cheque
    ADD CONSTRAINT cheque_actividad_fk FOREIGN KEY (idactividad) REFERENCES public.actividad(id);


--
-- TOC entry 2964 (class 2606 OID 17833)
-- Name: cheque cheque_proyecto_fk; Type: FK CONSTRAINT; Schema: public; Owner: -
--

ALTER TABLE ONLY public.cheque
    ADD CONSTRAINT cheque_proyecto_fk FOREIGN KEY (idproyecto) REFERENCES public.proyecto(id);


--
-- TOC entry 2927 (class 2606 OID 17482)
-- Name: cotizacion cotizacion_plancotizacion_fk; Type: FK CONSTRAINT; Schema: public; Owner: -
--

ALTER TABLE ONLY public.cotizacion
    ADD CONSTRAINT cotizacion_plancotizacion_fk FOREIGN KEY (idplantilla) REFERENCES public.plancotizacion(id);


--
-- TOC entry 2928 (class 2606 OID 17487)
-- Name: cotizacion cotizacion_proveedor_fk; Type: FK CONSTRAINT; Schema: public; Owner: -
--

ALTER TABLE ONLY public.cotizacion
    ADD CONSTRAINT cotizacion_proveedor_fk FOREIGN KEY (idproveedor) REFERENCES public.proveedor(id);


--
-- TOC entry 2959 (class 2606 OID 17746)
-- Name: cuenta cuenta_cuenta_padre_fk; Type: FK CONSTRAINT; Schema: public; Owner: -
--

ALTER TABLE ONLY public.cuenta
    ADD CONSTRAINT cuenta_cuenta_padre_fk FOREIGN KEY (idproyecto, codigopadre) REFERENCES public.cuenta(idproyecto, codigo);


--
-- TOC entry 2966 (class 2606 OID 17840)
-- Name: detallecheque detallecheque_cheque_fk; Type: FK CONSTRAINT; Schema: public; Owner: -
--

ALTER TABLE ONLY public.detallecheque
    ADD CONSTRAINT detallecheque_cheque_fk FOREIGN KEY (idcheque) REFERENCES public.cheque(id);


--
-- TOC entry 2968 (class 2606 OID 17868)
-- Name: detallecheque detallecheque_cuenta_fk; Type: FK CONSTRAINT; Schema: public; Owner: -
--

ALTER TABLE ONLY public.detallecheque
    ADD CONSTRAINT detallecheque_cuenta_fk FOREIGN KEY (idproyecto, codigocuenta) REFERENCES public.cuenta(idproyecto, codigo);


--
-- TOC entry 2967 (class 2606 OID 17850)
-- Name: detallecheque detallecheque_persona_fk; Type: FK CONSTRAINT; Schema: public; Owner: -
--

ALTER TABLE ONLY public.detallecheque
    ADD CONSTRAINT detallecheque_persona_fk FOREIGN KEY (sublibro) REFERENCES public.persona(id);


--
-- TOC entry 2963 (class 2606 OID 17793)
-- Name: detallepartida detallepartida_cuenta_fk; Type: FK CONSTRAINT; Schema: public; Owner: -
--

ALTER TABLE ONLY public.detallepartida
    ADD CONSTRAINT detallepartida_cuenta_fk FOREIGN KEY (codcuenta, idproyecto) REFERENCES public.cuenta(codigo, idproyecto);


--
-- TOC entry 2961 (class 2606 OID 17782)
-- Name: detallepartida detallepartida_partida_fk; Type: FK CONSTRAINT; Schema: public; Owner: -
--

ALTER TABLE ONLY public.detallepartida
    ADD CONSTRAINT detallepartida_partida_fk FOREIGN KEY (idpartida) REFERENCES public.partida(id);


--
-- TOC entry 2962 (class 2606 OID 17788)
-- Name: detallepartida detallepartida_sublibro_fk; Type: FK CONSTRAINT; Schema: public; Owner: -
--

ALTER TABLE ONLY public.detallepartida
    ADD CONSTRAINT detallepartida_sublibro_fk FOREIGN KEY (sublibro) REFERENCES public.persona(id);


--
-- TOC entry 2929 (class 2606 OID 17492)
-- Name: direccion direccion_item_fk; Type: FK CONSTRAINT; Schema: public; Owner: -
--

ALTER TABLE ONLY public.direccion
    ADD CONSTRAINT direccion_item_fk FOREIGN KEY (idtipo) REFERENCES public.item_catalogo(id);


--
-- TOC entry 2930 (class 2606 OID 17497)
-- Name: direccion direccion_persona_fk; Type: FK CONSTRAINT; Schema: public; Owner: -
--

ALTER TABLE ONLY public.direccion
    ADD CONSTRAINT direccion_persona_fk FOREIGN KEY (idpersona) REFERENCES public.persona(id);


--
-- TOC entry 2931 (class 2606 OID 17502)
-- Name: documento documento_item_fk; Type: FK CONSTRAINT; Schema: public; Owner: -
--

ALTER TABLE ONLY public.documento
    ADD CONSTRAINT documento_item_fk FOREIGN KEY (idtipo) REFERENCES public.item_catalogo(id);


--
-- TOC entry 2932 (class 2606 OID 17507)
-- Name: documento documento_persona_fk; Type: FK CONSTRAINT; Schema: public; Owner: -
--

ALTER TABLE ONLY public.documento
    ADD CONSTRAINT documento_persona_fk FOREIGN KEY (idpersona) REFERENCES public.persona(id);


--
-- TOC entry 3174 (class 0 OID 0)
-- Dependencies: 2932
-- Name: CONSTRAINT documento_persona_fk ON documento; Type: COMMENT; Schema: public; Owner: -
--

COMMENT ON CONSTRAINT documento_persona_fk ON public.documento IS 'd';


--
-- TOC entry 2933 (class 2606 OID 17512)
-- Name: empleado empleado_persona_fk; Type: FK CONSTRAINT; Schema: public; Owner: -
--

ALTER TABLE ONLY public.empleado
    ADD CONSTRAINT empleado_persona_fk FOREIGN KEY (id) REFERENCES public.persona(id);


--
-- TOC entry 2934 (class 2606 OID 17517)
-- Name: item_catalogo item_catalogo_catalogo_fk; Type: FK CONSTRAINT; Schema: public; Owner: -
--

ALTER TABLE ONLY public.item_catalogo
    ADD CONSTRAINT item_catalogo_catalogo_fk FOREIGN KEY (idcatalogo) REFERENCES public.catalogo(id) ON UPDATE CASCADE ON DELETE CASCADE;


--
-- TOC entry 2937 (class 2606 OID 17608)
-- Name: itemcotizacion item_cotizacion_planitem_fk; Type: FK CONSTRAINT; Schema: public; Owner: -
--

ALTER TABLE ONLY public.itemcotizacion
    ADD CONSTRAINT item_cotizacion_planitem_fk FOREIGN KEY (idplanitem) REFERENCES public.planitem(id);


--
-- TOC entry 2935 (class 2606 OID 17527)
-- Name: itemcotizacion itemcotizacion_cotizacion_fk; Type: FK CONSTRAINT; Schema: public; Owner: -
--

ALTER TABLE ONLY public.itemcotizacion
    ADD CONSTRAINT itemcotizacion_cotizacion_fk FOREIGN KEY (idcotizacion) REFERENCES public.cotizacion(id);


--
-- TOC entry 2936 (class 2606 OID 17532)
-- Name: itemcotizacion itemcotizacion_item_catalogo_fk; Type: FK CONSTRAINT; Schema: public; Owner: -
--

ALTER TABLE ONLY public.itemcotizacion
    ADD CONSTRAINT itemcotizacion_item_catalogo_fk FOREIGN KEY (idmedida) REFERENCES public.item_catalogo(id);


--
-- TOC entry 2958 (class 2606 OID 17798)
-- Name: itemrequisicion itemrequisicion_requisicion_fk; Type: FK CONSTRAINT; Schema: public; Owner: -
--

ALTER TABLE ONLY public.itemrequisicion
    ADD CONSTRAINT itemrequisicion_requisicion_fk FOREIGN KEY (idrequisicion) REFERENCES public.requisicion(id);


--
-- TOC entry 2956 (class 2606 OID 17828)
-- Name: requisicion orden_fk; Type: FK CONSTRAINT; Schema: public; Owner: -
--

ALTER TABLE ONLY public.requisicion
    ADD CONSTRAINT orden_fk FOREIGN KEY (idorden) REFERENCES public.ordencompra(id);


--
-- TOC entry 2957 (class 2606 OID 17644)
-- Name: ordencompra ordencompra_cotizacion_fk; Type: FK CONSTRAINT; Schema: public; Owner: -
--

ALTER TABLE ONLY public.ordencompra
    ADD CONSTRAINT ordencompra_cotizacion_fk FOREIGN KEY (idcotizacion) REFERENCES public.cotizacion(id);


--
-- TOC entry 2960 (class 2606 OID 17769)
-- Name: partida partida_proyecto_fk; Type: FK CONSTRAINT; Schema: public; Owner: -
--

ALTER TABLE ONLY public.partida
    ADD CONSTRAINT partida_proyecto_fk FOREIGN KEY (idproyecto) REFERENCES public.proyecto(id);


--
-- TOC entry 2938 (class 2606 OID 17537)
-- Name: persona persona_item_estadocivil_fk; Type: FK CONSTRAINT; Schema: public; Owner: -
--

ALTER TABLE ONLY public.persona
    ADD CONSTRAINT persona_item_estadocivil_fk FOREIGN KEY (idestadocivil) REFERENCES public.item_catalogo(id);


--
-- TOC entry 2939 (class 2606 OID 17542)
-- Name: persona persona_item_tipo_fk; Type: FK CONSTRAINT; Schema: public; Owner: -
--

ALTER TABLE ONLY public.persona
    ADD CONSTRAINT persona_item_tipo_fk FOREIGN KEY (idtipo) REFERENCES public.item_catalogo(id);


--
-- TOC entry 2940 (class 2606 OID 17547)
-- Name: plancotizacion plancotizacion_actividad_fk; Type: FK CONSTRAINT; Schema: public; Owner: -
--

ALTER TABLE ONLY public.plancotizacion
    ADD CONSTRAINT plancotizacion_actividad_fk FOREIGN KEY (idactividad) REFERENCES public.actividad(id);


--
-- TOC entry 2943 (class 2606 OID 17663)
-- Name: plancotizacion plancotizacion_cotizacion_fk; Type: FK CONSTRAINT; Schema: public; Owner: -
--

ALTER TABLE ONLY public.plancotizacion
    ADD CONSTRAINT plancotizacion_cotizacion_fk FOREIGN KEY (idcotizacionsel) REFERENCES public.cotizacion(id);


--
-- TOC entry 2942 (class 2606 OID 17658)
-- Name: plancotizacion plancotizacion_ordencompra_fk; Type: FK CONSTRAINT; Schema: public; Owner: -
--

ALTER TABLE ONLY public.plancotizacion
    ADD CONSTRAINT plancotizacion_ordencompra_fk FOREIGN KEY (idordencompra) REFERENCES public.ordencompra(id);


--
-- TOC entry 2941 (class 2606 OID 17653)
-- Name: plancotizacion plancotizacion_requisicion_fk; Type: FK CONSTRAINT; Schema: public; Owner: -
--

ALTER TABLE ONLY public.plancotizacion
    ADD CONSTRAINT plancotizacion_requisicion_fk FOREIGN KEY (idrequisicion) REFERENCES public.requisicion(id);


--
-- TOC entry 2944 (class 2606 OID 17552)
-- Name: planitem planitem_item_catalogo_fk; Type: FK CONSTRAINT; Schema: public; Owner: -
--

ALTER TABLE ONLY public.planitem
    ADD CONSTRAINT planitem_item_catalogo_fk FOREIGN KEY (idmedida) REFERENCES public.item_catalogo(id);


--
-- TOC entry 2945 (class 2606 OID 17557)
-- Name: planitem planitem_plancotizacion_fk; Type: FK CONSTRAINT; Schema: public; Owner: -
--

ALTER TABLE ONLY public.planitem
    ADD CONSTRAINT planitem_plancotizacion_fk FOREIGN KEY (idplancotizacion) REFERENCES public.plancotizacion(id);


--
-- TOC entry 2946 (class 2606 OID 17562)
-- Name: proveedor proveedor_persona_fk; Type: FK CONSTRAINT; Schema: public; Owner: -
--

ALTER TABLE ONLY public.proveedor
    ADD CONSTRAINT proveedor_persona_fk FOREIGN KEY (id) REFERENCES public.persona(id);


--
-- TOC entry 2947 (class 2606 OID 17567)
-- Name: proyecto proyecto_item_estado_fk; Type: FK CONSTRAINT; Schema: public; Owner: -
--

ALTER TABLE ONLY public.proyecto
    ADD CONSTRAINT proyecto_item_estado_fk FOREIGN KEY (idestado) REFERENCES public.item_catalogo(id);


--
-- TOC entry 2953 (class 2606 OID 17626)
-- Name: requisicion requisicion_cotizacion_fk; Type: FK CONSTRAINT; Schema: public; Owner: -
--

ALTER TABLE ONLY public.requisicion
    ADD CONSTRAINT requisicion_cotizacion_fk FOREIGN KEY (idcotizacion) REFERENCES public.cotizacion(id);


--
-- TOC entry 2955 (class 2606 OID 17728)
-- Name: requisicion requisicion_proveedor_fk; Type: FK CONSTRAINT; Schema: public; Owner: -
--

ALTER TABLE ONLY public.requisicion
    ADD CONSTRAINT requisicion_proveedor_fk FOREIGN KEY (idproveedor) REFERENCES public.proveedor(id);


--
-- TOC entry 2954 (class 2606 OID 17723)
-- Name: requisicion requision_actividad_fk; Type: FK CONSTRAINT; Schema: public; Owner: -
--

ALTER TABLE ONLY public.requisicion
    ADD CONSTRAINT requision_actividad_fk FOREIGN KEY (idactividad) REFERENCES public.actividad(id);


--
-- TOC entry 2949 (class 2606 OID 17572)
-- Name: telefono telefono_item_fk; Type: FK CONSTRAINT; Schema: public; Owner: -
--

ALTER TABLE ONLY public.telefono
    ADD CONSTRAINT telefono_item_fk FOREIGN KEY (idtipo) REFERENCES public.item_catalogo(id);


--
-- TOC entry 2950 (class 2606 OID 17577)
-- Name: telefono telefono_persona_fk; Type: FK CONSTRAINT; Schema: public; Owner: -
--

ALTER TABLE ONLY public.telefono
    ADD CONSTRAINT telefono_persona_fk FOREIGN KEY (idpersona) REFERENCES public.persona(id);


--
-- TOC entry 2951 (class 2606 OID 17582)
-- Name: token token_account_id_fkey; Type: FK CONSTRAINT; Schema: public; Owner: -
--

ALTER TABLE ONLY public.token
    ADD CONSTRAINT token_account_id_fkey FOREIGN KEY (account_id) REFERENCES public.account(id);


--
-- TOC entry 2952 (class 2606 OID 17587)
-- Name: usuario usuario_persona_fk; Type: FK CONSTRAINT; Schema: public; Owner: -
--

ALTER TABLE ONLY public.usuario
    ADD CONSTRAINT usuario_persona_fk FOREIGN KEY (idpersona) REFERENCES public.persona(id);


-- Completed on 2019-07-05 08:35:02

--
-- PostgreSQL database dump complete
--

